cylinders,Average_mpg
4,52.49298597194389
5,46.60248447204969
6,40.48011527377522
2,38.4
8,32.20448717948718
12,28.7375
10,27.666666666666668
